Awards,Winner,2026,Team,Notable Stats,Finalists (Top 3)
MVP,James Duffelmeyer,--------,Shock,,Duffy/Parker/Evan
CY Young,Parker Gibbons,--------,Kraken,,Parker/Evan/Peter
Rookie of the Year,Liam Rosengren,--------,Kraken,,Liam/Danny/Nate
Batting Title,Evan Wilkins,--------,Kings,,Evan/Duffy/Parker
Home Run King,James Duffelmeyer,--------,Shock,,Duffy/Parker/Evan
Comeback Player of the Year,Jake Meyler,--------,Snapping Turtles,,
Golden Hands,Victor Cottini,--------,Shock,,
Silver Slugger,James Duffelmeyer,--------,Shock,,Duffy/Parker/Evan
Reliever of the Year,Parker Gibbons,--------,Kraken,,
Manager of the Year,Parker Gibbons,--------,Kraken,,TJ/Parker/Peter
Game Of The Year,Shock @ Panthers Game 3,--------,SHK/PAN,,GLA V KRA GM2/ SHK V PAN GM3/ KRA V TUR GM 3/ KNG V SHK GM 2/ KNG V KRA GM 3
Sox Trophy,Brookside Kraken,--------,Kraken,Best Regular Season Record 11-4,
Postseason MVP,Marco Angarano,--------,Shock,,
Awards,Winner,2025,Team,Notable Stats,Finalists (Top 3)
MVP,Anthony Pasqua,--------,Titans,"18.0 IP, 48 K, 0.00 ERA, 8.00 Kper3, 6 W, 1.22 WHIP + (.400, .523, 1.171) Slash, 9 HR, 1.694 OPS","Anthony, TJ, Tommy"
CY Young,Anthony Pasqua,--------,Titans,"18.0 IP, 48 K, 0.00 ERA, 8.00 Kper3, 6 W, 1.22 WHIP","Anthony, Tj, Parker"
Rookie of the Year,Dennis Heffernan,--------,Snapping Turtles,".691 SLG, 14 Hits, 8 HR, 23 RBI + 14.66 IP, 20 K, 4.09 Kper3","Dennis, TomGian, Jake"
Batting Title,Tommy Peck,--------,Gladiators,Led League in Batting Average (.571),Tommy
Home Run King,Theo Canning,--------,Kraken,Led League in Home Runs (10),Theo
Comeback Player of the Year,TJ Ciafone,--------,Kraken,"28% Jump in OPS+, 119 OPS+, (.410,.538,.803) Slash Line, 1.342 OPS + 60% Jump in ERA+, 2.76 ERA","Tj, Aj, McDowell"
Golden Hands,Parker Gibbons,--------,Kraken,"Strong Defense, Putouts (37), Assists (16), 45 Innings, DP (3)","Parker, Peter, Dan"
Silver Slugger,Tommy Peck,--------,Gladiators,Led league in SLG (1.429) and OPS (2.168),"Tommy, Theo, Anthony"
Reliever of the Year,Peter Fraioli,--------,Panthers,Led League in Saves (1),"Peter, M Feola"
Manager of the Year,Austin Corvino,--------,Gladiators,5-10 campaign in 24' Austin made big additions flipping Glads record to 11-4 and postseason appearance,"Austin, Peter, Parker"
Game Of The Year,Panthers @ Gladiators Game 3,--------,PAN/GLA,"Traded Runs, Late heroic pitching, and a Walk-Off",Panthers Gladiators G3
Sox Trophy,Brookside Kraken,--------,Kraken,Best Regular Season Record 11-4 (via tiebreaker),Brookside Kraken
Postseason MVP,Peter Fraioli,--------,Panthers,"12.0 IP, 4 CG, 4 W, 25 K, 0.75 ERA, 345 ERA+, 1.17 WHIP + 1 HR, .550 OBP, 1.005 OPS, 117 OPS+","Peter, TJ, Daniel"
Awards,Winner,2024,Team,Notable Stats,Finalists (Top 3)
MVP,Evan Wilkins,--------,Kraken,"Led league in HR (7) + 16.0 IP, 27 K, 5 CG, 5-0 W-L Record, 0.75 ERA",Evan/Peter/Tommy
CY Young,Anthony Pasqua,--------,Shock,"20.0 IP, 58 K, 0.45 ERA, 8.70 Kper3",Pasqua/Evan/Peter/Parker
Rookie of the Year,Nick Sabino,--------,Shock,"(.455/.600/.909) Slash, 10 Hits, 3 HR, 1.509 OPS ",Sabino/Bahama/Gabie
Batting Title,Tommy Peck,--------,Gladiators,.571 AVG,Tommy
Home Run King,Evan Wilkins,--------,Kraken,7 HR,Evan
Comeback Player of the Year,Daniel Cochrane,--------,Panthers,"29.8% Jump in OPS+, 109.6 OPS+, (.300,.576,.650) Slash Line, 1.226 OPS",Daniel/Tucci/Vinny
Golden Hands,Victor Cottini,--------,Braves,"Strong Defense, Assists (12), 26 Innings",Victor/Parker/Tucc
Silver Slugger,Chris Canno,--------,Braves,Led league in SLG (1.125) and OPS (1.782),Tommy/Chris/Peter/Duffy/Evan
Reliever of the Year,Anthony Pasqua,--------,Shock,Led League in Saves (2),Pasqua
Manager of the Year,TJ Ciafone,--------,Shock,Rebuilt team in offseason leading to a Wild Card appearance,TJ/Peter/Vinny
Game Of The Year,Kraken @ Shock Game 2,--------,Kraken/Shock,"6 Inning Pitching Duel with Division Title on the line, ends in walk-off HR",Kraken v Shock
Team of the Year,Brookside Kraken,--------,Kraken,WS Champions + 12-3 Record for Best Record in 15 G Era,Brookside Kraken
Postseason MVP,Parker Gibbons,--------,Kraken,"13.1 IP, 2 CG, 3 W, 29 K, 0.90 ERA, 1.43 WHIP + (.353,.633,.529) Slash Line, 1 HR, 13 BB",Parker/Chris/Theo
Awards,Winner,2023,Team,Notable Stats,Finalists (Top 3)
MVP,Brandon Gibbons,--------,Gladiators,"10-0 W-L Record, 30.0 IP, 1.70 ERA, 1.23 WHIP, 8 CG + (.385,.636,.949) Slash, 7 HR, 1.585 OPS",Brandon/David/Duffy
CY Young,Brandon Gibbons,--------,Gladiators,"10-0 W-L Record, 30.0 IP, 1.70 ERA, 1.23 WHIP, 8 CG",Brandon/Justin/Parker
Rookie of the Year,Justin Nardo,--------,Bananas,"17.2 IP, 1.19 ERA, 1.47 WHIP, 35 K, 4-1 W-L Record",Duffy/Justin/Theo
Batting Title,David Pizzutello,--------,Dragons,0.436 AVG,David
Home Run King,David Pizzutello/Chris Canno,--------,Dragons,20 HR,David/Chris
Comeback Player of the Year,Peter Sposato,--------,Panthers,Top 3 in AVG (.409) and OPS (1.612),Spo/Dan/Evan
Golden Hands,Daniel Brady,--------,Gladiators,"Strong Defense, Assists (17), 44 Innings",Dan/Jack/Victor
Silver Slugger,David Pizzutello/James Duffelmeyer,--------,Dragons/Bananas,"Won Triple Crown (.436 AVG, 20 HR, 59 RBI)",David/Duffy/Brandon
Reliever of the Year,Peter Fraioli,--------,Panthers,Led League in Saves (1),Peter
Manager of the Year,Dean Corvino,--------,Bananas,"Signed Justin and Duffy, doubled win total from 2022",Dean/Austin/Parker
Game Of The Year,Shock @ Bananas Game 1,--------,Shock/Bananas,"Justin 5 ing no-hitter, Dean walk-off to send Bananas to playoffs",Shock V Bananas
Team of the Year,Brentwood Gladiators,--------,Gladiators,WS Champions,Gladiators/Bananas/Kraken
Postseason MVP,Brandon Gibbons,--------,Gladiators,"17.0 IP, 3 CG, 2 W, 31 K, 1.06 ERA, 1.06 WHIP",Brandon/Justin/Tommy
Awards,Winner,2022,Team,Notable Stats,Finalists (Top 3)
MVP,Vinny Spoto,--------,Panthers,"1.774 OPS, 153 OPS+",Vinny/Brandon/Chris
CY Young,Brandon Gibbons,--------,Gladiators,"26.2 IP, 1.35 WHIP, 56 K",Brandon/Parker/Nick
Rookie of the Year,Brandon McDowell,--------,Bananas,"3.95 ERA, 51 K, Led Rookies in WAR (1.4)",David/Brandon/Dom
Batting Title,Victor Cottini,--------,Shock,.420 AVG,Victor
Home Run King,Chris Canno/Parker Gibbons,--------,Dragons/Kraken,10 HR,Chris/Parker
Comeback Player of the Year,Michael Sullivan,--------,Dragons,"Top 5 in Hits (21), AVG (.375), RBI (23), HR (8)",Michael/Victor/Alex
Golden Hands,Jack Leary,--------,Shock,"Strong Defense, Led League in Assists (16)",Jack/Dan/Victor
Silver Slugger,Chris Canno,--------,Dragons,"1st in Hits (34), Tied 1st in HR (10), 2nd in AVG (.405), 117 OPS+",Chris/Vinny/Peter
Reliever of the Year,Brandon Gibbons,--------,Gladiators,"Led League in Saves (3), Lowest ERA in Relief Appearences (0.00)",Brandon Gibbons
Manager of the Year,TJ Ciafone,--------,Shock,"Tasked with building a brand new team, first year made the World Series",TJ/Austin/Parker
Game Of The Year,Shock V Bananas Game 1,--------,Shock/Bananas,"6/24/22, 8 ing game longest in history, Lucas vs McDowell, 21 K by one pitcher, Victor's catch",Shock V Bananas
Team of the Year,Brentwood Gladiators,--------,Gladiators,WS Champions,Kraken/Shock/Gladiators
Postseason MVP,Tommy Peck,--------,Gladiators,"7-10 (.700), 4 HR, 9 RBI, .786/1.900/2.686",Tommy/Brandon/AJ
Awards,Winner,2021,Team,Notable Stats,
MVP,Peter Fraioli,--------,Panthers,5.0 WAR,
CY Young,Parker Gibbons,--------,Kraken,0.95 ERA,
Rookie of the Year,Yuichiro Ochi,--------,Panthers,1.818 OPS & Led Rookies in WAR (1.5),Yuichiro/Chris/Nick
Batting Title,Peter Fraioli,--------,Panthers,.636 AVG,
Home Run King,Evan Wilkins,--------,Process,24 HR,
Comeback Player of the Year,Tristan An,--------,Dragons,Top 5 in Hits (22) & RBI (24),
Golden Hands,Peter Sposato,--------,Panthers,Lockdown Defense,
Silver Slugger,Peter Fraioli,--------,Panthers,(.636/.754/1.636),
Reliever of the Year,Brandon Gibbons,--------,Gladiators,2 SV,
Manager of the Year,Austin Corvino,--------,Gladiators,2021 (10-5) > 2020 (3-12),
Team of the Year,Brookside Panthers,--------,Panthers,WS Champions,
Postseason MVP,Peter Fraioli,--------,Panthers,"10.0 IP, 2 CG, 2 W, 16 K, 1.20 ERA, 2.70 WHIP + Walk-Off Single in Wild Card",
Awards,Winner,2020,Team,Notable Stats,
MVP,Peter Fraioli,--------,Panthers,5.9 WAR,
CY Young,Parker Gibbons,--------,Kraken,2.78 ERA,
Rookie of the Year,Zach Lieberman,--------,PawSox,Tied for first in pitching WAR (1.7),Zach/Jason/Ben
Batting Title,Peter Fraioli,--------,Panthers,.600 AVG,
Home Run King,Evan Wilkins,--------,Process,44 HR,
Comeback Player of the Year,A.J. Cefaloni,--------,Lavahogs,Top 4 in Hits (39) & AVG (.549),
Golden Hands,Kyle Moretzky,--------,Kraken,Lockdown Defense,
Silver Slugger,Peter Fraioli,--------,Panthers,(.600/.778/1.350),
Reliever of the Year,Parker Gibbons,--------,Kraken,3 SV,
Manager of the Year,Parker Gibbons,--------,Kraken,Improvements of players & won division,
Team of the Year,Harris Special K's,--------,Special K's,WS Champions,
Postseason MVP,Jason Hegedus,--------,Special K's,,
--------,--------,--------,--------,Post HBP Rule & end of 24 game seasons (2017-2019) now 15 games (2020-,
Awards,Winner,2019,Team,Notable Stats,
MVP,Evan Wilkins,--------,Process,47 HR & 140 RBI,
CY Young,Parker Gibbons,--------,Kraken,5.53 ERA,
Rookie of the Year,Daniel Cochrane,--------,Panthers,2.044 OPS & Led Rookies in WAR (4.2),
Batting Title,Vinny Spoto,--------,Panthers,.597 AVG,
Home Run King,Evan Wilkins,--------,Process,47 HR,
Comeback Player of the Year,Vinny Spoto,--------,Panthers,Led League in BA (.597) & SLG (1.919),
Golden Hands,Kyle Moretzky,--------,Kraken,Lockdown Defense,
Silver Slugger,Peter Fraioli,--------,Panthers,(.577/.708/1.447),
Reliever of the Year,Daniel Cochrane,--------,Panthers,Led league in ERA in relief (3.00) (6.66) if you count the trevor troll games,
Manager of the Year,Brandon Gibbons,--------,Lavahogs,2019 (16-8) > 2018 (10-14) & Won North/Brookside Division first team ever besides Panthers,
Team of the Year,Glenwood Process,--------,Process,WS Champions,
Postseason MVP,Evan Wilkins,--------,Process,,
Awards,Winner,2018,Team,Notable Stats,
MVP,Jake Quigley,--------,Special K's,12.3 Offensive WAR,
CY Young,Parker Gibbons,--------,Kraken,3.91 ERA,
Rookie of the Year,Nick Galasso,--------,Kraken,Led Rookies in H (10) & HR (6),
Batting Title,A.J. Cefaloni,--------,Mustangs&Kraken,.608 AVG,
Home Run King,Evan Wilkins,--------,Process,86 HR,
Comeback Player of the Year,James Choi,--------,Kraken,After playing 3 games in 2017 James was 7th in AVG (.479) & 6th in HR (17),
Golden Hands,Alex Homem,--------,Special K's,Lockdown Defense,
Silver Slugger,Peter Fraioli,--------,Panthers,(.607/.696/1.422),
Reliever of the Year,Jake Quigley,--------,Special K's,2 SV,
Manager of the Year,Peter Fraioli,--------,Panthers,"Panthers got nerfed (Lost Jake), then signed Vinmonster 2003 and had best record of 2018",
Team of the Year,Harris Special K's,--------,Special K's,WS Champions,
Postseason MVP,Jake Quigley,--------,Special K's,,
--------,--------,--------,--------,Awards are no longer seperated between divisions.,
Awards,Winner,2017,Team,Notable Stats,
North,North,North,North,North,
MVP,Peter Fraioli,--------,Panthers,14.2 WAR,
CY Young,Evan Wilkins,--------,Wildcats,9.57 ERA,
Rookie of the Year,Jake Quigley,--------,Panthers,Led rookies in HR (22) & RBI (71),
Batting Title,Peter Fraioli,--------,Panthers,.635 AVG,
Home Run King,Evan Wilkins,--------,Wildcats,67 HR,
Comeback Player of the Year,Griffin Krueger,--------,Mustangs,5th in Hits (109) & 2nd in HR (51) in League,
Golden Hands,"Peter Fraioli, Jake Quigley, Alex Homem",--------,"Pan, Pan, Wic",Lockdown Defense,
Silver Slugger,"Peter Fraioli, Evan Wilkins, Griffin Krueger",--------,"Pan, Wic, Mus",(.635/.758/1.426)/(.502/.623/1.217)/(.450/.684/1.153),
Reliever of the Year,Griffin Krueger,--------,Mustangs,2 SV,
Manager of the Year,Peter Fraioli,--------,Panthers,Best record in a 24 game season (22-2) and repeated as World Champions,
Team of the Year,Brookside Panthers,--------,Panthers,WS Champions,
Postseason MVP,Peter Fraioli,--------,Panthers,,
South,South,South,South,South,
MVP,Vinny Spoto,--------,Dashers,8.5 WAR,
CY Young,Parker Gibbons,--------,Kraken,7.74 ERA,
Rookie of the Year,Bennett Breig,--------,Hogriders,Led rookies in AVG (.655),
Batting Title,Brandon Gibbons,--------,Hogriders,.514 AVG,
Home Run King,Parker Gibbons,--------,Kraken,44 HR,
Comeback Player of the Year,James Choi,--------,Kraken,8 HR & 13 Hits,
Golden Hands,"Victor Cottini, Parker Gibbons, James Choi",--------,"Das, Buf, Buf",Lockdown Defense,
Silver Slugger,"Parker Gibbons, Vinny Spoto, Victor Cottini",--------,"Buf, Das, Das",(.474/.554/0.966)/(.536/.722/1.384)/(.570/.643/1.656),
Reliever of the Year,Vinny Spoto,--------,Dashers,Led team in relief appearances,
Manager of the Year,Vinny Spoto,--------,Dashers,Led team to world series,
Team of the Year,Avondale Dashers,--------,Dashers,made world series,
--------,--------,--------,--------,End of 35 game seasons (2016-2016) and start of 24 game seasons (2017-2019).,
Awards,Winner,2016,Team,Notable Stats,
North,North,North,North,North,
MVP,Peter Fraioli,--------,Panthers,,
CY Young,Parker Gibbons,--------,Kraken,,
Rookie of the Year,Alex Homem,--------,Kraken,,
Batting Title,Peter Fraioli,--------,Panthers,0.655,
Home Run King,Parker Gibbons,--------,Kraken,,
Comeback Player of the Year,Austin Corvino,--------,Aces,,
Golden Hands,"Parker Gibbons, Peter Fraioli, Joey Cardascia",--------,"Eag, Pan, Pan",,
Silver Slugger,"Parker Gibbons, Peter Fraioli, Joey Cardascia",--------,"Eag, Pan, Pan",,
Reliever of the Year,Austin Corvino,--------,Aces,,
Manager of the Year,Peter Fraioli,--------,Panthers,,
Team of the Year,Brookside Panthers,--------,Panthers,WS Champions,
Postseason MVP,Peter Fraioli,--------,Panthers,,
South,South,South,South,South,
MVP,Victor Cottini,--------,Hotdoggers,,
CY Young,Victor Cottini,--------,Hotdoggers,,
Rookie of the Year,Evan Wilkins,--------,Dashers,,
Batting Title,Victor Cottini,--------,Hotdoggers,0.633,
Home Run King,Evan Wilkins,--------,Dashers,,
Comeback Player of the Year,Vinny Spoto,--------,Dashers,,
Golden Hands,"Victor Cottini, Evan Wilkins, Vinny Spoto, Griffin Krueger",--------,"Hod, Das, Bul",,
Silver Slugger,"Victor Cottini, Evan Wilkins, Vinny Spoto, Griffin Krueger",--------,"Hod, Das, Bul",,
Reliever of the Year,Vinny Spoto,--------,Dashers,,
Manager of the Year,Brandon Gibbons,--------,Hotdoggers,,
Team of the Year,Beaver Brook Hotdoggers,--------,Hotdoggers,made WS,
--------,--------,--------,--------,End of 40 game seasons (2013-2015) and start of 35 game seasons (2016-2016).,
Awards,Winner,2015,Team,Notable Stats,
North,North,North,North,North,
MVP,Peter Fraioli,--------,Panthers,,
CY Young,Victor Cottini,--------,Panthers,,
Rookie of the Year,Victor Cottini,--------,Panthers,,
Batting Title,Victor Cottini,--------,Panthers,,
Home Run King,Peter Fraioli,--------,Panthers,,
Comeback Player of the Year,A.J. Cefaloni,--------,Aces,,
Golden Hands,"Victor Cottini, Austin Corvino, Peter Sposato, David Cross",--------,"Panthers, Wicked",,
Silver Slugger,"Peter Fraioli, Brandon Gibbons, AJ Cefaloni, Victor Cottini",--------,"Pan, Man, Wia",,
Reliever of the Year,James Choi,--------,Aces,,
Manager of the Year,A.J. Cefaloni,--------,Aces,,
Team of the Year,Brentwood Aces,--------,Aces,,
South,South,South,South,South,
MVP,Parker Gibbons,--------,Kraken,,
CY Young,Parker Gibbons,--------,Kraken,,
Rookie of the Year,T.J. Fuerst,--------,Kraken,,
Batting Title,Parker Gibbons,--------,Kraken,,
Home Run King,Parker Gibbons,--------,Kraken,,
Comeback Player of the Year,Griffin Krueger,--------,Mustangs,,
Golden Hands,"Parker Gibbons, TJ Fuerst, Joey Cardascia, Vinny Spoto",--------,"Eagles, Squirrels",,
Silver Slugger,"Parker Gibbons, Joey Cardascia, Vinny Spoto, Griffin Krueger",--------,"Eag, Sql, Mus",,
Reliever of the Year,Vinny Spoto,--------,Squirrels,,
Manager of the Year,Parker Gibbons,--------,Kraken,,
Team of the Year,Brookside Squirrels,--------,Squirrels,,
Postseason MVP,Parker Gibbons,--------,Kraken,,
Awards,Winner,2014,Team,Notable Stats,
North,North,North,North,North,
MVP,Peter Fraioli,--------,Panthers,,
CY Young,Brandon Gibbons,--------,Hotdoggers,,
Rookie of the Year,Griffin Krueger,--------,Aces,,
Batting Title,Peter Fraioli,--------,Panthers,,
Home Run King,Peter Fraioli,--------,Panthers,,
Comeback Player of the Year,Brandon Gibbons,--------,Hotdoggers,,
Golden Hands,"Peter Fraioli, Peter Sposato, Vinny Spoto, Victor Arcara",--------,"Pan, Dev, Hot, Ace",,
Silver Slugger,"Peter Fraioli, Brandon Gibbons, Vinny Spoto, Victor Arcara",--------,"Pan, Hot, Ace",,
Reliever of the Year,Anthony Castellano,--------,Devils,,
Manager of the Year,Brandon Gibbons,--------,Hotdoggers,,
Team of the Year,Beaver Brook Hotdoggers,--------,Hotdoggers,,
Postseason MVP,Peter Fraioli,--------,Panthers,,
South,South,South,South,South,
MVP,Parker Gibbons,--------,Kraken,,
CY Young,Kodai Tachimoto,--------,Squirrels,,
Rookie of the Year,Ryota Otara,--------,Squirrels,,
Batting Title,Parker Gibbons,--------,Kraken,,
Home Run King,Parker Gibbons,--------,Kraken,,
Comeback Player of the Year,Sean Walther,--------,Kings,,
Golden Hands,"Parker Gibbons, Shintaro Sakurari, Joey Cardascia, Masayuki Yamada",--------,"Eag, Sql, Kig",,
Silver Slugger,"Parker Gibbons, Joey Cardascia, Kodai Tachimoto, Darien Sharpe",--------,"Eag, Sql, Kig",,
Reliever of the Year,Tochi Onwuasoanya,--------,Angels,,
Manager of the Year,Darien Sharpe,--------,Kings,,
Team of the Year,Brookside Kings,--------,Kings,,
Awards,Winner,2013,Team,Notable Stats,
North,North,North,North,North,
MVP,Peter Fraioli,--------,Panthers,,
CY Young,A.J. Cefaloni,--------,Aces,,
Rookie of the Year,Vinny Spoto,--------,Aces,,
Batting Title,Peter Fraioli,--------,Panthers,,
Home Run King,A.J. Cefaloni,--------,Aces,,
Comeback Player of the Year,A.J. Cefaloni,--------,Aces,,
Golden Hands,"Peter Fraioli, Vinny Spoto, Peter Sposato, Jonathan Alsina",--------,"Pan, Hot, Dev",,
Silver Slugger,"Peter Fraioli, Brandon Gibbons, AJ Cefaloni, Jonathan Alsina",--------,"Pan, Hot, Ace, Dev",,
Reliever of the Year,Vinny Spoto,--------,Aces,,
Manager of the Year,A.J. Cefaloni,--------,Aces,,
Team of the Year,Brentwood Aces,--------,Aces,,
South,South,South,South,South,
MVP,Parker Gibbons,--------,Kraken,,
CY Young,Parker Gibbons,--------,Kraken,,
Rookie of the Year,Tochi Onwuasoanya,--------,Angels,,
Batting Title,Parker Gibbons,--------,Kraken,,
Home Run King,Parker Gibbons,--------,Kraken,,
Comeback Player of the Year,Joey Cardascia,--------,Squirrels,,
Golden Hands,"Parker Gibbons, Davis Kim, Joey Cardascia, Darien Sharpe",--------,"Kra, Sql, Kin",,
Silver Slugger,"Parker Gibbons, Joey Cardascia, Tochi Onwuasoanya, Darien Sharpe",--------,"Kra, Sql, Kin",,
Reliever of the Year,Kodai Tachimoto,--------,Squirrels,,
Manager of the Year,Parker Gibbons,--------,Kraken,,
Team of the Year,Brookside Kraken,--------,Kraken,,
Postseason MVP,Parker Gibbons,--------,Kraken,,
--------,--------,--------,--------,End of 15 game seasons (2012-2012) and start of 40 game seasons (2013-2015).,
Awards,Winner,2012,Team,Notable Stats,
MVP,Kento Kamezaki,--------,Soxs,,
CY Young,Darien Sharpe,--------,Kings,,
Rookie of the Year,Kento Kamezaki,--------,Soxs,,
Batting Title,Kento Kamezaki,--------,Soxs,,
Home Run King,Kento Kamezaki,--------,Soxs,,
Comeback Player of the Year,Peter Fraioli,--------,Panthers,,
Golden Hands,"Peter, Kento",--------,"Panthers, Soxs",,
Silver Slugger,"Kento, Parker",--------,"Soxs, Kraken",,
Manager of the Year,Kento Kamezaki,--------,Soxs,,
Team of the Year,Davenport Soxs,--------,Soxs,,
Postseason MVP,Kento Kamezaki,--------,Soxs,,
--------,--------,--------,--------,The Start of the World,